quarters,cpiusa,impu,imfear,travelcost,cpimex,exrmex,repexmex,industpromex,cpicad,exrcad,exruk,cpiuk,repexcad,industprocad,arrivalcad,arrivalmex,cpifra,exrfra,cpiitaly,exritaly,cpiportugal,exrportugal,cpispain,exrspain,spexr,cpimexxexmex,cpiukxexeruk,spexrmexuk,lnimpu,lnimfear,lntravelcost,lnrepexmex,lnindustpromex,lnrepexcad,lnindustprocad,lnarrivalcad,lnarrivalmex,lnspexr,lnspexrmexuk,year
1996Q1,65.39615631,135.4700012,103.1699982,144.6999969,27.22999954,0.132978722,18.05999947,69.90000153,70.97000122,0.729927003,1.530511022,67.66699982,1.261999965,79.23999786,3398967,251254,76.32666779,0.767662108,68.46990967,0.812770128,65.50069427,0.759884655,64.10903931,0.743519068,1.23573947,3.621010542,103.5645981,53.59280396,4.908750057,4.636378288,4.974662781,2.893699408,4.247065544,0.23269774,4.372481346,15.03898239,12.43421936,0.211669549,3.981414795,01/01/1996
1996Q2,66.04308319,93.43000031,102.2600021,147.5700073,29.12999916,0.13351135,16.9810009,71.34999847,71.66000366,0.735294104,1.52374804,68.53299713,1.253000021,78.37000275,3745274,303331,76.91666412,0.786352336,69.22402954,0.80323869,66.46768188,0.780114114,64.8144455,0.767028868,1.213726282,3.889185429,104.4275589,54.15837097,4.537212372,4.627518654,4.99430275,2.832095146,4.267597198,0.225540698,4.361441135,15.1360054,12.62257957,0.193695202,3.991912603,01/04/1996
1996Q3,66.39467621,131.9199982,114.2699966,149.5299988,30.46999931,0.132275134,16.47299957,72.16999817,71.66000366,0.729927003,1.553894997,68.66699982,1.269000053,76.12999725,5188882,391543,76.74666595,0.776560068,69.401474,0.785636187,66.75662231,0.765998602,65.11463165,0.760667741,1.2364645,4.030423164,106.7008133,55.36561584,4.882195473,4.738564014,5.007496834,2.801722765,4.279024601,0.23822923,4.332442284,15.46202946,12.87785053,0.212256104,4.013958931,01/07/1996
1996Q4,66.87284088,101.8300018,109.1699982,150.5700073,31.96999931,0.127551019,16.39900017,74.59999847,72.01000214,0.740740716,1.635893941,69.23300171,1.253999949,79.51999664,2967667,390500,77.05666351,0.78902024,69.73416901,0.786018312,66.8730545,0.770855725,65.43822479,0.774494469,1.227910995,4.077805996,113.2583618,58.66808319,4.623304844,4.69290638,5.014428139,2.797220469,4.312140465,0.226338401,4.376008511,14.90328693,12.87518311,0.205314353,4.071896076,01/10/1996
1997Q1,67.32287598,72.59999847,95.68000031,157.3000031,34.16999817,0.127064809,15.50599957,74.80999756,72.22000122,0.735294104,1.63141799,69.30000305,1.268000007,82.43000031,3374847,362489,77.4366684,0.853038669,70.17777252,0.846355021,67.44728088,0.829312861,65.74022675,0.842339277,1.137392044,4.341804504,113.0572662,58.69953537,4.284965038,4.561009407,5.05815506,2.741226912,4.31495142,0.237440854,4.411949635,15.03186035,12.80074978,0.128737956,4.072432041,01/01/1997
1997Q2,67.59008789,102.2799988,101.5500031,153.8300018,35.34000015,0.12626262,15.14799976,77.33000183,72.65000153,0.719424486,1.635357976,69.93299866,1.292999983,83.01999664,3721332,794947,77.62666321,0.881114662,70.53265381,0.873099804,67.86724854,0.860065579,65.83418274,0.870119095,1.100663781,4.46212101,114.3660202,59.41407013,4.627714157,4.620551109,5.035848141,2.717868567,4.348082066,0.256965101,4.419081688,15.12959194,13.58603096,0.095913433,4.084531307,01/04/1997
1997Q3,67.8572998,105.6500015,98.20999908,152.8999939,36.33000183,0.128040969,14.5880003,78.86000061,72.69999695,0.719424486,1.625424981,70.26699829,1.297000051,80.98000336,5071928,1023715,77.73000336,0.928124845,70.66573334,0.910459876,68.10643005,0.912514865,66.28890991,0.916179657,1.046525836,4.65172863,114.2131958,59.43246078,4.660131931,4.587108135,5.029784203,2.680199385,4.367674351,0.260053933,4.394202232,15.43923187,13.83894825,0.045475952,4.084840775,01/07/1997
1997Q4,68.12451172,32.68000031,78.83999634,151.7299957,37.47999954,0.123456791,14.72299957,80.18000031,72.68000031,0.709219873,1.658707976,70.63300323,1.322000027,84.51999664,2962066,706401,77.94999695,0.897294581,71.10933685,0.887696803,68.38375854,0.892891467,66.72750092,0.891183376,1.074547291,4.627160549,117.16008,60.89361954,3.486763239,4.367420673,5.022102833,2.689410925,4.384274006,0.279145747,4.436988354,14.90139771,13.46793842,0.071899451,4.109128475,01/10/1997
1998Q1,68.3073349,48.36000061,76.01000214,151.2299957,39.40000153,0.118623957,14.61499977,81.94999695,73.48000336,0.699300706,1.646510005,70.59999847,1.328999996,86.58999634,3040281,615244,78.01667023,0.929349542,71.59729767,0.924725831,68.71515656,0.928037405,66.95350647,0.926514626,1.032939672,4.673784256,116.2435913,60.45869064,3.878673077,4.330864906,5.018801689,2.682048321,4.406109333,0.284426779,4.461184502,14.92746067,13.3297739,0.032408789,4.101960182,01/01/1998
1998Q2,68.67298889,66.98999786,80.73999786,152.0299988,40.68000031,0.115340263,14.63599968,82.48999786,73.73999786,0.689655185,1.654109001,71.36699677,1.350000024,85.93000031,3531027,917184,78.39333344,0.916863978,71.9743576,0.91343832,69.63769531,0.915769815,67.16082764,0.915167749,1.04502964,4.692041874,118.0482712,61.37015533,4.204543114,4.391233921,5.024077892,2.683484316,4.412676811,0.300104618,4.453533173,15.07709885,13.72906303,0.044045247,4.116923809,01/04/1998
1998Q3,68.94020081,61.93000031,79.98000336,152.3300018,42,0.105263159,15.59399986,82.48999786,73.72000122,0.662251651,1.653082967,71.43299866,1.411999941,82.59999847,4165621,1055230,78.20333099,0.900836468,72.10743713,0.898682177,69.96676636,0.900208831,67.60430908,0.899605751,1.064499736,4.421052933,118.0852356,61.25314331,4.126004696,4.38177681,5.026049137,2.746886253,4.412676811,0.345007092,4.414009571,15.24237633,13.86926937,0.062504955,4.11501503,01/07/1998
1998Q4,69.17928314,60.99000168,80.41999817,154.6000061,44.06000137,0.099900097,15.71700001,82.88999939,73.84999847,0.649350643,1.675820947,71.83300018,1.442999959,86.51999664,2684903,784222,78.15333557,0.850375891,72.32923889,0.850246966,70.47796631,0.850304425,67.7256546,0.849854767,1.127423167,4.401598454,120.3798065,62.39070129,4.110710144,4.387262821,5.040841103,2.754742861,4.417514324,0.366724253,4.460375786,14.80315495,13.57244778,0.119934648,4.133416176,01/10/1998
1999Q1,69.44649506,56.97999954,91.16999817,157.5700073,46.72999954,0.100502513,14.7869997,83.70999908,74.08999634,0.662251651,1.632143974,72,1.414999962,90.19999695,2881905,704109,78.21666718,0.890865028,72.59540558,0.890865028,70.64183807,0.890865028,68.20632172,0.890865028,1.076488853,4.696482182,117.514389,61.10543442,4.042700291,4.51272583,5.059869766,2.693748474,4.427358627,0.347129494,4.502029419,14.8739624,13.4646883,0.073704682,4.112600803,01/01/1999
1999Q2,70.12155151,99.23000336,196.8899994,160.3000031,47.95000076,0.105932213,13.80500031,83.34999847,74.80999756,0.680272102,1.606145024,72.69999695,1.378000021,90.30999756,3525324,840084,78.69333649,0.946297407,73.01682281,0.946297407,71.39420319,0.946297407,68.6764679,0.946297407,1.015844226,5.079449654,116.7667618,60.92310715,4.597440243,5.282645226,5.077046871,2.625030756,4.423048496,0.320633173,4.503248215,15.07548332,13.64125729,0.015720017,4.109612465,01/04/1999
1999Q3,70.55752563,51.15000153,102.0800018,161.8699951,48.91999817,0.106837608,13.5,83.54000092,75.19000244,0.671140969,1.601927996,72.59999847,1.398000002,88.44999695,4700672,1174057,78.61000061,0.95359081,73.34952545,0.95359081,71.39984131,0.95359081,69.223526,0.95359081,1.011561632,5.226495743,116.2999802,60.763237,3.934762478,4.625756741,5.086793423,2.602689743,4.425325394,0.335042655,4.482437611,15.3632164,13.97597599,0.011495307,4.106985092,01/07/1999
1999Q4,70.99349976,68.12000275,99.73999786,164.8699951,50.09999847,0.105820097,13.39099979,84.18000031,75.37000275,0.680272102,1.629475951,72.93299866,1.38499999,92.88999939,3002561,855936,78.92666626,0.963498354,73.83748627,0.963498354,71.88582611,0.963498354,69.5630722,0.963498354,1.001764655,5.301586628,118.843132,62.07235718,4.221271038,4.602566719,5.105157375,2.594582796,4.432957172,0.325700134,4.531415939,14.91497612,13.65995121,0.0017631,4.128300667,01/10/1999
2000Q1,71.69668579,56.81999969,109.9300003,178.7700043,51.65999985,0.106382981,13.04599953,86.55999756,75.75,0.689655185,1.605483055,72.80000305,1.371999979,96.55999756,3245545,726014,79.36000061,1.012899876,74.30326843,1.012899876,71.92961121,1.012899876,70.19755554,1.012899876,0.957212627,5.495744705,116.8791275,61.18743515,4.039888382,4.699843884,5.186100006,2.568481445,4.460837841,0.316269517,4.57016468,14.99279404,13.49532413,-0.04372973,4.113941669,01/01/2000
2000Q2,72.45612335,59.65000153,107.3700027,184.2700043,52.52999878,0.104493208,13.19999981,87.81999969,76.41000366,0.67567569,1.531991959,73.46700287,1.402999997,97.58000183,3668841,1031138,79.8133316,1.07079947,74.83558655,1.07079947,73.18156433,1.07079947,70.85852051,1.07079947,0.906165838,5.489028454,112.5503616,59.01969528,4.088494301,4.676280975,5.216402054,2.580216885,4.475289345,0.338612795,4.580672741,15.11538601,13.84617329,-0.098532945,4.077871323,01/04/2000
2000Q3,73.03273773,51.04999924,83.37999725,188.3000031,53.33000183,0.10695187,12.8039999,88.25,77.05000305,0.67567569,1.477267981,73.46700287,1.402999997,94.95999908,4749333,1236767,80.10666656,1.106582165,75.27919006,1.106582165,73.80123138,1.106582165,71.73387909,1.106582165,0.877286494,5.703743458,108.5299759,57.11685944,3.932805538,4.423408508,5.238036633,2.549757719,4.480173588,0.338612795,4.55345583,15.37351513,14.02801132,-0.130921662,4.045099258,01/07/2000
2000Q4,73.4265213,127.9400024,90.01999664,194.6999969,54.56000137,0.105263159,12.78499985,86.44999695,77.34999847,0.653594792,1.446176052,73.93299866,1.452000022,98.22000122,2930162,1046157,80.4366684,1.150102615,75.81151581,1.150102615,74.54961395,1.150102615,72.34459686,1.150102615,0.842421889,5.74315834,106.9206009,56.33187866,4.851561546,4.500031948,5.271460056,2.54827261,4.459566116,0.372941941,4.587209702,14.89056873,13.86063385,-0.171474338,4.03126049,01/10/2000
2001Q1,74.12970734,68.61000061,84.16999817,197.6999969,55.50999832,0.103305787,12.92700005,86.34999847,77.83000183,0.653594792,1.458116055,73.69999695,1.457000017,97.05000305,3186685,755405,80.39666748,1.083835125,76.4547348,1.083835125,75.37728119,1.083835125,72.85809326,1.083835125,0.896738172,5.734504223,107.4631577,56.59883118,4.228438377,4.43283844,5.286750793,2.559318066,4.458408833,0.37637955,4.575226307,14.97449207,13.53500938,-0.108991347,4.035988331,01/01/2001
2001Q2,74.90320587,39.20999908,74.83000183,200.3300018,56.13999939,0.108577631,12.28800011,84.79000092,78.87000275,0.649350643,1.421177983,74.76699829,1.463000059,95.90000153,3554343,1101931,81.44999695,1.144416094,77.12014008,1.144416094,76.5459671,1.144416094,73.79022217,1.144416094,0.847519457,6.095548153,106.256752,56.17615128,3.668931723,4.315218925,5.299965858,2.508623123,4.440177441,0.380489171,4.563305855,15.08368111,13.91257477,-0.165441483,4.028492451,01/04/2001
2001Q3,75.00165558,128.1499939,131.0299988,202.8000031,56.52000046,0.108225107,12.26099968,85.81999969,78.80999756,0.649350643,1.437317967,74.76699829,1.465999961,90.45999908,4414356,1200289,81.52999878,1.121785998,77.38629913,1.121785998,76.87006378,1.121785998,74.34689331,1.121785998,0.862327993,6.116883278,107.4634552,56.79016876,4.853201389,4.875426292,5.312220097,2.506423473,4.452251911,0.382537574,4.504907608,15.30037212,13.99807262,-0.148119584,4.039363384,01/07/2001
2001Q4,74.79069519,117.8499985,181.9100037,201.5700073,57.40999985,0.108225107,12.0369997,84.70999908,78.44000244,0.632911384,1.442576051,74.93299866,1.506000042,91.73999786,2352062,769364,81.56666565,1.116487265,77.63027954,1.116487265,77.49272156,1.116487265,74.37519073,1.116487265,0.861396015,6.21320343,108.0970154,57.15510941,4.769412518,5.203512192,5.306136608,2.487985134,4.43923378,0.409457147,4.518958569,14.67080307,13.55331993,-0.149200931,4.045768738,01/10/2001
2002Q1,75.0579071,80.16000366,111.8600006,200.0700073,58.13999939,0.109769493,11.76099968,83.30999756,79,0.628930807,1.426107049,75,1.511000037,95.77999878,2795993,868018,82.12666321,1.140733004,78.29568481,1.140733004,77.91169739,1.140733004,74.6823349,1.140733004,0.840824544,6.381998062,106.9579926,56.66999435,4.38402462,4.717247963,5.298667431,2.464788914,4.422568798,0.412771702,4.56205368,14.84369755,13.67396736,-0.173372269,4.037244797,01/01/2002
2002Q2,75.87360382,63.36999893,135.5,198.3999939,58.81999969,0.105485231,12.22900009,83.84999847,79.69999695,0.645161271,1.461462975,75.73300171,1.475999951,96.75,3212020,791029,82.77333069,1.087412119,78.87236786,1.087412119,79.15601349,1.087412119,76.31800842,1.087412119,0.880102515,6.204641342,110.681427,58.44303513,4.148990631,4.908971786,5.29028511,2.503810167,4.429029465,0.389335692,4.572130203,14.98241043,13.58108997,-0.127716884,4.068052292,01/04/2002
2002Q3,76.19706726,80.86000061,105,200.5,59.49000168,0.101112232,12.66699982,84.34999847,80.58000183,0.641025662,1.549697042,75.80000305,1.475000024,93.87999725,4327689,1200585,82.97666931,1.016582251,79.2494278,1.016582251,79.65957642,1.016582251,76.1207428,1.016582251,0.942800581,6.015166759,117.4670258,61.7410965,4.392719269,4.653960228,5.300814152,2.539000273,4.43497467,0.388658017,4.54201746,15.28054428,13.99831963,-0.05890049,4.1229496,01/07/2002
2002Q4,76.4361496,71.98999786,99.88999939,202.8699951,60.47999954,0.098425195,12.84000015,85.11000061,81,0.636942685,1.571411014,76.16699982,1.481999993,95.87000275,2632401,986169,83.31666565,0.999533236,79.78174591,0.999533236,80.58609772,0.999533236,77.30467224,0.999533236,0.952952266,5.952755928,119.6891632,62.82095718,4.276527405,4.60406971,5.312565327,2.552565336,4.443944454,0.393392533,4.56299305,14.78340721,13.80158329,-0.048190463,4.14028883,01/10/2002
2003Q1,77.20964813,125.7600021,102.7600021,204.1999969,61.31000137,0.092336103,13.63899994,85.27999878,82.12000275,0.662251651,1.602478981,76.13300323,1.419999957,97.01999664,3049228,677358,84.06999969,0.931511879,80.42497253,0.931511879,80.98384094,0.931511879,77.48530579,0.931511879,1.026570797,5.661126614,122.0020447,63.83158493,4.834375381,4.632396221,5.319099903,2.612933397,4.445940018,0.350656837,4.574917316,14.93039894,13.42595482,0.026223924,4.156248093,01/01/2003
2003Q2,77.49092865,61.52999878,94.01999664,205.8300018,61.61000061,0.095693782,13.14400005,85.37000275,81.83000183,0.714285731,1.618327975,76.76699829,1.325999975,95.29000092,3415879,1029720,84.35666656,0.880365729,81.00165558,0.880365729,81.94552612,0.880365729,78.50024414,0.880365729,1.080665231,5.895693779,124.2336578,65.06467438,4.119524956,4.543507576,5.327050686,2.575965405,4.446994781,0.282166868,4.55692482,15.04394531,13.84479713,0.077576809,4.17538166,01/04/2003
2003Q3,77.87064362,68.12000275,95.30000305,206.4299927,61.90999985,0.093283579,13.48400021,85.58999634,81.94000244,0.724637687,1.61066103,76.80000305,1.31099999,93.05999756,4399636,1244654,84.58000183,0.888370037,81.42307281,0.888370037,81.93358612,0.888370037,78.33491516,0.888370037,1.074634075,5.775186539,123.698761,64.73697662,4.221271038,4.557029724,5.3299613,2.601503849,4.449568272,0.27079019,4.53324461,15.29703236,14.03436947,0.071980208,4.170332432,01/07/2003
2003Q4,77.88471222,67.86000061,88.29000092,206.2299957,62.88000107,0.089445435,13.84799957,86.36000061,82.06999969,0.75757575,1.707939029,77.16699982,1.253000021,97.26000214,2984745,1041079,85.13666534,0.840405166,81.80013275,0.840405166,82.66471863,0.840405166,79.3575058,0.840405166,1.126890421,5.62432909,131.7959442,68.71013641,4.217446804,4.48062706,5.32899189,2.628140688,4.458524704,0.225540698,4.57738781,14.90902519,13.8557682,0.119461998,4.229896545,01/10/2003
2004Q1,78.58789063,90.98999786,93.87999725,206.9299927,63.95999908,0.09099181,13.50300026,88.12000275,82.81999969,0.75757575,1.838518977,77.16699982,1.253000021,98.19000244,3049228,677358,85.58333588,0.799904108,82.26591492,0.799904108,82.75793457,0.799904108,79.18452454,0.799904108,1.191620469,5.81983614,141.872406,73.84612274,4.510749817,4.54201746,5.332380772,2.602911949,4.478699684,0.225540698,4.586904526,14.93039894,13.42595482,0.175314113,4.301983356,01/01/2004
2004Q2,79.71298981,44.11999893,83.97000122,206.8699951,64.25,0.087873459,14.11900043,88.91000366,83.51000214,0.735294104,1.806280971,77.80000305,1.297999978,97.90000153,3415879,1029720,86.37333679,0.829706013,82.88696289,0.829706013,83.97537994,0.829706013,81.01347351,0.829706013,1.14972651,5.645869732,140.5286865,73.08727264,3.786913157,4.430459499,5.332090378,2.647521496,4.487624645,0.260824591,4.583946705,15.04394531,13.84479713,0.139524102,4.29165411,01/04/2004
2004Q3,79.9942627,55.47999954,91.81999969,205.3000031,64.87999725,0.087336242,14.11699963,88.75,83.66999817,0.763358772,1.819257975,77.83300018,1.251999974,96.06999969,4399636,1244654,86.51333618,0.817877293,83.24184418,0.817877293,83.90704346,0.817877293,80.92698669,0.817877293,1.169280648,5.66637516,141.5988922,73.63263702,4.016022682,4.519830227,5.324472427,2.647379637,4.485823631,0.224742249,4.565077305,15.29703236,14.03436947,0.15638873,4.299088478,01/07/2004
2004Q4,80.47242737,53.91999817,95.93000031,204.1000061,66.23999786,0.088339224,13.75199986,89.51999664,84.26000214,0.819672108,1.86866796,78.33300018,1.164999962,98.86000061,2984745,1041079,86.91666412,0.771960974,83.41928101,0.771960974,84.63452911,0.771960974,82.08629608,0.771960974,1.237111092,5.851590157,146.3790131,76.11530304,3.987501383,4.56361866,5.318610191,2.621184349,4.494462013,0.152721047,4.5937047,14.90902519,13.8557682,0.212778896,4.332249165,01/10/2004
2005Q1,80.97872162,81.04000092,92.33999634,211.1300049,66.76999664,0.089525513,13.54699993,89.94999695,84.52999878,0.81300813,1.891105056,78.53299713,1.177999973,100.1600037,3382826,946527,87.05666351,0.763091505,83.84070587,0.763091505,84.51908875,0.763091505,81.76528168,0.763091505,1.258897185,5.977618217,148.5147705,77.24619293,4.39494276,4.525477409,5.352474213,2.606165171,4.49925375,0.163818061,4.606769085,15.03422165,13.76055431,0.230236083,4.346997738,01/01/2005
2005Q2,82.06162262,49.65999985,91.54000092,215.8300018,67.15000153,0.091157705,13.40600014,90.69999695,85.22000122,0.806451619,1.855960965,79.30000305,1.194000006,99.91000366,3609732,922325,87.84333038,0.794589818,84.41738129,0.794589818,85.51958466,0.794589818,83.62217712,0.794589818,1.210014105,6.121240139,147.1777039,76.64946747,3.905199766,4.516776085,5.374491215,2.59570241,4.507557392,0.177309021,4.604269981,15.09914398,13.73465347,0.190632015,4.339242458,01/04/2005
2005Q3,83.06014252,82.84999847,106.0699997,219.1999969,67.45999908,0.093370683,13.18700027,90.12999725,86.01999664,0.833333313,1.78471303,79.69999695,1.159000039,98.23000336,4810989,1384198,88.13999939,0.820007622,84.92752838,0.820007622,86.02779388,0.820007622,83.70767212,0.820007622,1.181925774,6.298786163,142.2415924,74.27018738,4.417031765,4.664099216,5.389984608,2.579231501,4.501253128,0.147557601,4.587311745,15.38641357,14.14063168,0.167145118,4.307709694,01/07/2005
2005Q4,83.48205566,52.24000168,90.09999847,222.1699982,68.29000092,0.093370683,13.09300041,92.68000031,86.01999664,0.854700863,1.748556018,80.09999847,1.13499999,101.6100006,3061194,1352218,88.37666321,0.840788782,85.21586609,0.840788782,86.84318542,0.840788782,85.00337219,0.840788782,1.149727106,6.376284122,140.0593109,73.21779633,3.955848455,4.500920296,5.40344286,2.572077751,4.52915287,0.126632646,4.621141911,14.93431568,14.11725712,0.139524609,4.293438435,01/10/2005
2006Q1,83.93209839,120.75,97.37000275,229.1300049,69.23999786,0.094339624,12.84899998,93.77999878,86.47000122,0.869565189,1.753226042,80.19999695,1.116000056,102.7200012,3529825,996138,88.61000061,0.831325948,85.63729095,0.831325948,87.2130661,0.831325948,85.04927826,0.831325948,1.165470839,6.532075405,140.6087036,73.57038879,4.793722153,4.578518391,5.434289455,2.553266048,4.540951729,0.109750912,4.632006645,15.07675838,13.81164074,0.153125152,4.298242569,01/01/2006
2006Q2,85.3525238,201.4100037,169.2200012,232.9299927,69.25,0.089445435,13.77999973,94.76999664,87.19999695,0.892857134,1.828600049,81.23300171,1.095999956,99.87000275,3888084,1406271,89.52333069,0.7956177,86.3026886,0.7956177,88.69788361,0.7956177,86.92114258,0.7956177,1.220996737,6.194096565,148.5432739,77.36868286,5.305342674,5.131199837,5.450737953,2.623218298,4.551452637,0.091667145,4.603869438,15.17342663,14.15645218,0.199667528,4.348582268,01/04/2006
2006Q3,85.83069611,73.19999695,119.9800034,233.3000031,69.83999634,0.091324203,13.45699978,95.13999939,87.05999756,0.892857134,1.875051022,81.73300171,1.103999972,97.48000336,5183530,1744968,89.6333313,0.784593761,86.76847076,0.784593761,88.62291718,0.784593761,86.66532898,0.784593761,1.244221449,6.378081799,153.2541504,79.81611633,4.293195248,4.787324905,5.452325344,2.599499464,4.55534935,0.098939925,4.579647064,15.46099663,14.37224674,0.218509987,4.379725456,01/07/2006
2006Q4,85.09938049,83.51000214,116.3700027,222.9299927,71.12000275,0.091827363,13.03100014,94.88999939,86.98000336,0.877192974,1.916558027,82.26699829,1.11500001,99.02999878,3393149,1693462,89.53666687,0.775251508,86.76847076,0.775251508,89.03227234,0.775251508,87.20756531,0.775251508,1.245458484,6.530762196,157.6688385,82.09980011,4.424966335,4.756774902,5.406857967,2.567331076,4.552718163,0.108854413,4.595422745,15.03726864,14.34228516,0.219503716,4.407935619,01/10/2006
2007Q1,85.96669006,108.3700027,104.0699997,228.6300049,72.08000183,0.090744101,13.14299965,95.04000092,87.68000031,0.854700863,1.954782009,82.43299866,1.146999955,100.9199982,3697497,1280496,89.63999939,0.762709439,87.12335205,0.762709439,89.32021332,0.762709439,87.11009216,0.762709439,1.276492238,6.540834904,161.1392212,83.84002686,4.685551167,4.645063877,5.432105064,2.575889349,4.554297924,0.137149796,4.614327908,15.12316704,14.06275845,0.244115874,4.428910732,01/01/2007
2007Q2,87.61495209,133.9199982,129.7799988,232.3300018,72,0.091911763,13.23999977,95.66999817,88.55999756,0.909090936,1.986227989,83.30000305,1.088000059,98.29000092,4092789,1633584,90.57333374,0.741796434,87.67785645,0.741796434,90.95132446,0.741796434,88.9962616,0.741796434,1.318953156,6.617647171,165.4528046,86.03522491,4.897242546,4.865840912,5.448158741,2.583242416,4.56090498,0.084341206,4.587922096,15.22473717,14.30628681,0.276838362,4.454756737,01/04/2007
2007Q3,87.85670471,63.25999832,114.6100006,237.8300018,72.62999725,0.091240875,13.25800037,95.55000305,88.31999969,0.952380955,2.0213449,83.33300018,1.04400003,96.43000031,5789960,1959703,90.76999664,0.727338552,88.18799591,0.727338552,90.55026245,0.727338552,88.71549988,0.727338552,1.348788619,6.626824379,168.4454498,87.53613281,4.147253036,4.741535187,5.471556187,2.584601164,4.559649467,0.043059517,4.568817139,15.5716362,14.48830318,0.299206883,4.47205162,01/07/2007
2007Q4,88.48155975,86.13999939,112.0599976,239.1000061,73.83000183,0.092165902,13.00300026,95.62000275,88.63999939,1.020408154,2.044163942,84.13300323,0.977999985,97.76999664,4154537,1858275,91.63666534,0.690097272,88.80904388,0.690097272,91.42072296,0.690097272,90.66021729,0.690097272,1.414693952,6.804608822,171.9823303,89.39347076,4.455974102,4.719034195,5.476881981,2.565180063,4.560381889,-0.022245623,4.58261776,15.23971176,14.43515873,0.346913218,4.493047714,01/10/2007
2008Q1,89.48739624,199.6799927,102.6399994,246.4700012,74.87999725,0.09259259,12.90699959,95.59999847,89.04000092,1,1.978984952,84.53299713,1.004999995,97.05999756,4493668,1510134,92.28333282,0.667464316,89.78496552,0.667464316,91.93722534,0.667464316,90.92734528,0.667464316,1.469537973,6.93333292,167.2902374,87.11178589,5.296716213,4.631227493,5.507240295,2.557769775,4.560173035,0.004987537,4.575329304,15.31818008,14.22770882,0.384948045,4.467192173,01/01/2008
2008Q2,91.45195007,75.68000031,87.38999939,259.769989,75.54000092,0.095877275,12.62699986,95.30000305,90.58999634,0.990099013,1.971163034,86.09999847,1.019999981,94.79000092,4583198,1431202,93.56666565,0.640181065,90.80524445,0.640181065,93.56204224,0.640181065,93.09127808,0.640181065,1.540092111,7.242569447,169.7170868,88.47982788,4.326513767,4.470380783,5.55979681,2.535837412,4.557029724,0.019802609,4.551663876,15.33790779,14.17402554,0.431842238,4.482774734,01/04/2008
2008Q3,92.51558685,90.70999908,88.16999817,266.6300049,76.61000061,0.096899226,12.4630003,93.98999786,91.01000214,0.961538434,1.89241302,87.06700134,1.057000041,94.48999786,6070764,1619065,93.72000122,0.66688472,91.69245148,0.66688472,93.3172226,0.66688472,93.06732941,0.66688472,1.492513418,7.423449993,164.7660522,86.09474945,4.507667542,4.479266644,5.58586216,2.522764206,4.543188572,0.055434745,4.548493862,15.61899471,14.29735947,0.400461555,4.455448627,01/07/2008
2008Q4,89.89875793,145.6699982,74.61000061,255.6699982,78.40000153,0.076569676,14.97500038,92.44000244,89.97000122,0.826446295,1.570373058,87.23300171,1.208999991,94.05000305,3777634,1674935,93.25,0.761399269,91.29321289,0.761399269,92.80271149,0.761399269,92.8843689,0.761399269,1.275643349,6.003062725,136.9888306,71.49594879,4.981343746,4.312274456,5.543887615,2.706382275,4.52655983,0.189793572,4.54382658,15.14460754,14.33128548,0.243450642,4.269640923,01/10/2008
2009Q1,89.45139313,152.0899963,77.23999786,240.3999939,79.51000214,0.069492705,16.18899918,86.72000122,89.88999939,0.800000012,1.434435964,87.03299713,1.243999958,89.33000183,3962228,1113126,92.86000061,0.768604517,91.11576843,0.768604517,91.92694092,0.768604517,91.35214233,0.768604517,1.267583489,5.525364876,124.84375,65.18455505,5.024472237,4.346917629,5.482304096,2.784332037,4.462684631,0.218331963,4.492337227,15.19231701,13.92268276,0.237112328,4.177222729,01/01/2009
2009Q2,90.39984131,84.79000092,79.06999969,228.1999969,80.04000092,0.075131483,15.03299999,86.08999634,91.04000092,0.854700863,1.550202012,87.83300018,1.161999941,82.27999878,4292131,1433625,93.37333679,0.734309912,91.5815506,0.734309912,92.5296936,0.734309912,92.46255493,0.734309912,1.331093669,6.013524055,136.1593781,71.08644867,4.440177441,4.370333672,5.430222511,2.710247755,4.455393314,0.15014261,4.410128117,15.27229404,14.1757164,0.286000907,4.263896942,01/04/2009
2009Q3,91.01372528,63.90999985,72.25,234.3699951,80.54000092,0.075414784,14.98400021,87.56999969,91.16999817,0.909090936,1.641011,88.19999695,1.09800005,81.81999969,5798686,1748373,93.32333374,0.699093521,91.80335236,0.699093521,91.90538025,0.699093521,92.07268524,0.699093521,1.410853624,6.073906898,144.7371521,75.40552521,4.157475948,4.280132294,5.456901073,2.706983089,4.472438335,0.093490392,4.404521942,15.57314205,14.37419605,0.344194919,4.322880745,01/07/2009
2009Q4,91.19683075,67.13999939,62.90000153,241.6000061,81.51999664,0.076569676,14.60999966,89.20999908,91.30999756,0.943396211,1.633541942,88.63300323,1.059000015,85.98000336,3911409,1728101,93.58999634,0.677193701,91.89207458,0.677193701,92.15219116,0.677193701,93.01743317,0.677193701,1.453318596,6.241959572,144.7862701,75.51411438,4.206779957,4.141546249,5.487283707,2.68170619,4.490993023,0.05732508,4.454114914,15.17940807,14.36253357,0.37384963,4.324319363,01/10/2009
2010Q1,91.56291199,126.6699982,65.26999664,251.8999939,83.29000092,0.078308538,14.03800011,90.86000061,91.47000122,0.961538434,1.557512999,89.06700134,1.041000009,89.40000153,4337338,2976004,94.08999634,0.722664297,92.29131317,0.722664297,92.19895935,0.722664297,92.35044861,0.722664297,1.366312981,6.522318363,138.7225037,72.62240601,4.841585159,4.1785326,5.52903223,2.641767979,4.509319782,0.040181797,4.49312067,15.28277111,14.90609169,0.312115848,4.285273552,01/01/2010
2010Q2,91.99790192,172.8899994,110.2699966,259.3699951,83.20999908,0.079554498,13.89799976,91.54000092,91.94999695,0.970873773,1.493101954,90.06700134,1.031000018,88.26000214,4888974,3345293,94.87999725,0.786976218,92.86799622,0.786976218,93.44161987,0.786976218,93.93257141,0.786976218,1.24653244,6.619729519,134.4786835,70.54920197,5.152655602,4.702931881,5.558255672,2.631744862,4.516776085,0.030529223,4.480287075,15.40249252,15.02306461,0.220365644,4.256310463,01/04/2010
2010Q3,92.08368683,211.3099976,103.0599976,255.4700012,83.5,0.078125,14.11600018,91.41999817,91.76000214,0.961538434,1.552078009,90.26699829,1.04400003,88.97000122,6416586,3337956,94.76333618,0.773787856,93.28941345,0.773787856,93.69406891,0.773787856,93.87103271,0.773787856,1.267285824,6.5234375,140.1009216,73.31217957,5.353326321,4.635311127,5.543105125,2.647308826,4.515464306,0.043059517,4.48829937,15.67439747,15.02086926,0.236877471,4.294726849,01/07/2010
2010Q4,92.35526276,299.5799866,74.34999847,252.1300049,84.98000336,0.080710247,13.46500015,91.61000061,92.52999878,0.990099013,1.580420017,91.06700134,1.008000016,93.12999725,4316598,3763599,95.12666321,0.736745715,93.53339386,0.736745715,94.34823608,0.736745715,95.39060974,0.736745715,1.325116754,6.858757019,143.9235535,75.39115143,5.702381611,4.308783531,5.529944897,2.600093842,4.517540455,0.007968186,4.533996105,15.27797794,15.14088631,0.281500578,4.32269001,01/10/2010
2011Q1,93.52339172,136.1699982,76.45999908,267.6000061,86.16999817,0.082918741,13.08899975,92.11000061,93.65000153,1.010100961,1.60266602,92.23300171,0.989000022,95.45999908,4636191,2810504,95.77999878,0.731408238,94.44961548,0.731408238,95.63899994,0.731408238,95.56891632,0.731408238,1.340901732,7.145107746,147.8192444,77.4821701,4.91390419,4.336767673,5.589493275,2.571772099,4.522983551,-0.011060924,4.558707237,15.34940338,14.84887409,0.293342322,4.350048065,01/01/2011
2011Q2,95.15379333,70.76000214,72.26000214,274.9700012,85.95999908,0.085324235,12.97399998,93.52999878,94.69999695,1.030927777,1.630893946,93.43299866,0.975000024,91.37000275,5266882,3282822,96.83999634,0.694783568,95.34883881,0.694783568,96.95662689,0.694783568,97.21291351,0.694783568,1.417902112,7.334471226,152.379837,79.85715485,4.259294033,4.280270576,5.616662025,2.562947273,4.538282394,-0.025317784,4.514917374,15.47694874,15.00421429,0.349178404,4.380239487,01/04/2011
2011Q3,95.54251099,102.4499969,76.13999939,275.3699951,86.30999756,0.08116883,13.63799953,94.12000275,94.63999939,1.020408154,1.610231042,93.96700287,0.989000022,93.36000061,6930927,3519045,96.79000092,0.708233237,95.90697479,0.708233237,96.69655609,0.708233237,96.7485199,0.708233237,1.397440195,7.005681515,151.3080597,79.15687561,4.629374981,4.332573891,5.618115425,2.612859964,4.544570446,-0.011060924,4.536462784,15.75150394,15.07369995,0.334642142,4.371431828,01/07/2011
2011Q4,95.39723969,114.4000015,70.88999939,275.8699951,87.94999695,0.07331378,14.79500008,96.12999725,95.06999969,0.980392158,1.571843982,94.73300171,1.024000049,96.70999908,4502761,3988653,97.44999695,0.742209971,96.62015533,0.742209971,98.04138184,0.742209971,98.01727295,0.742209971,1.317834854,6.447946548,148.9060516,77.67699432,4.739701271,4.261129379,5.61992979,2.694289207,4.565701485,0.023716575,4.571716785,15.32020092,15.19896412,0.275990129,4.35255909,01/10/2011
2012Q1,96.15625,123.2300034,61.95999908,286.3699951,89.51999664,0.077101,13.93099976,95.87999725,96.02999878,1,1.57208097,95.09999847,1.001000047,97.41000366,4999135,3036984,97.99666595,0.762537539,97.51937866,0.762537539,98.9081955,0.762537539,97.43911743,0.762537539,1.28718698,6.90208149,149.5048676,78.20347595,4.814052582,4.126489162,5.657284737,2.63411665,4.563097477,0.000999547,4.578928947,15.42477512,14.92637539,0.252459198,4.359313965,01/01/2012
2012Q2,96.95197296,123.6500015,80.43000031,292.3699951,89.27999878,0.073909827,14.69299984,96.66000366,96.55999756,0.990099013,1.582810998,95.80000305,1.014000058,92.93000031,5408584,3245644,98.77666473,0.779816449,98.48062134,0.779816449,99.6754837,0.779816449,99.12435913,0.779816449,1.255643725,6.598669052,151.6332855,79.11598206,4.817454815,4.387387276,5.67802,2.687371254,4.571199894,0.013902962,4.531846523,15.50349808,14.99282455,0.227648363,4.370914936,01/04/2012
2012Q3,97.16461945,128.5899963,71.11000061,283.8999939,90.26999664,0.075987846,14.16499996,97.47000122,96.40000153,1.010100961,1.58009398,96.06700134,0.998000026,91.70999908,7411406,3729172,98.70333099,0.799138248,98.94573975,0.799138248,99.50962067,0.799138248,99.41743469,0.799138248,1.226364732,6.859422684,151.7943268,79.32687378,4.856628895,4.264227867,5.648622036,2.65077424,4.579544544,-0.002001977,4.518631458,15.81853104,15.1316967,0.204054296,4.373577118,01/07/2012
2012Q4,97.19963837,171.0099945,72.62999725,277.9700012,91.56999969,0.077279754,13.73600006,96.40000153,96.55999756,1.010100961,1.606477022,97.03299713,0.996999979,94.31999969,4878220,4186844,98.94333649,0.770532608,99.00775146,0.770532608,99.98233795,0.770532608,101.0461273,0.770532608,1.264686823,7.076507092,155.8818665,81.47917938,5.141722202,4.285377979,5.627513409,2.620020151,4.568506241,-0.00300453,4.546693325,15.40028954,15.24745846,0.234824523,4.40034771,01/10/2012
2013Q1,97.7734375,236.1499939,84.98000336,283.2000122,92.81999969,0.079113923,13.31499958,96.61000061,96.94000244,0.990099013,1.550760984,97.43299866,1.019000053,97.45999908,5388203,3058197,99.03666687,0.757865846,99.37984467,0.757865846,99.1078949,0.757865846,99.99259949,0.757865846,1.298173666,7.343354225,151.0957794,79.21956635,5.464467049,4.442416191,5.64615345,2.588891268,4.570682049,0.018821808,4.579442024,15.49972153,14.93333626,0.260958403,4.372223377,01/01/2013
2013Q2,98.30237579,164.9700012,97.44000244,281.0299988,93.26000214,0.080064051,13.16499996,95.84999847,97.26000214,0.980392158,1.536319971,98.06700134,1.031000018,92.87999725,5651666,3186931,99.57333374,0.765690982,99.6279068,0.765690982,100.2961502,0.765690982,100.8328934,0.765690982,1.282779455,7.46677351,150.6618195,79.06429291,5.105763435,4.579236984,5.63846159,2.577561855,4.562784672,0.030529223,4.531308174,15.54746056,14.97456932,0.249029174,4.370261192,01/04/2013
2013Q3,98.67393494,198.3000031,87.41999817,285.0299988,93.37999725,0.077399381,13.65200043,96.33999634,97.27999878,0.961538434,1.551166058,98.36699677,1.054999948,94.04000092,7395887,3958082,99.62999725,0.754941285,100.0620117,0.754941285,99.84997559,0.754941285,100.6183167,0.754941285,1.306517601,7.227553844,152.5829926,79.90527344,5.289781094,4.470724106,5.652594566,2.613886118,4.567883492,0.053540718,4.543720245,15.81643486,15.19126987,0.267365277,4.380841732,01/07/2013
2013Q4,98.3985672,128.6900024,72.36000061,282.9700012,94.91000366,0.076745972,13.50899982,97.06999969,97.19999695,0.952380955,1.619529009,98.93299866,1.062999964,98.47000122,4971237,4344027,99.58666992,0.734692454,99.68992615,0.734692454,99.91400146,0.734692454,101.1755295,0.734692454,1.338091612,7.283960342,160.2254028,83.75468445,4.857406616,4.281653881,5.645340919,2.603356123,4.575432301,0.061095066,4.58975172,15.41917896,15.28431225,0.291244417,4.427892208,01/10/2013
2014Q1,99.14759827,232.3600006,78.19999695,284.2000122,96.66999817,0.07558579,13.56900024,97.98000336,97.79000092,0.909090936,1.655056,99.03299713,1.11500001,101.5100021,5257551,3705182,99.75666809,0.729664743,99.87596893,0.729664743,98.9778595,0.729664743,100.0042419,0.729664743,1.363532424,7.30687809,163.9056854,85.6062851,5.448287964,4.359269619,5.64967823,2.607787848,4.584763527,0.108854413,4.620157242,15.47517586,15.12524319,0.31007871,4.44975853,01/01/2014
2014Q2,100.3184128,76.63999939,81.77999878,293.8699951,96.59999847,0.07692308,13.5,99.33000183,98.83000183,0.917431176,1.683156013,99.66699982,1.105999947,98.20999908,5725506,4062686,100.1999969,0.729257524,100.0620117,0.729257524,99.96209717,0.729257524,101.0544434,0.729257524,1.371240854,7.430769444,167.7545776,87.59267426,4.339118958,4.404032707,5.683137417,2.602689743,4.5984478,0.100749858,4.587108135,15.56044102,15.21735477,0.315716058,4.472697258,01/04/2014
2014Q3,100.4334412,105.7900009,128.4100037,293.0299988,97.25,0.076219514,13.54899979,98.68000031,99.01999664,0.917431176,1.669136047,99.83300018,1.105999947,98.93000031,7164425,4375981,100.0266571,0.754988849,100,0.754988849,99.31522369,0.754988849,100.2866669,0.754988849,1.331500411,7.412347794,166.6354065,87.02387238,4.661456108,4.855228424,5.680274963,2.606312752,4.591882229,0.100749858,4.594412327,15.7846384,15.29164124,0.286306441,4.466182709,01/07/2014
2014Q4,99.6266098,153.4600067,103.9899979,285.1700134,98.87999725,0.072046109,13.98499966,99.76999664,98.97000122,0.877192974,1.58366704,99.96700287,1.148000002,103.0599976,4866209,4925972,99.86333466,0.800869465,99.78294373,0.800869465,99.80253601,0.800869465,100.6665573,0.800869465,1.243621826,7.12391901,158.3139343,82.71892548,5.033440113,4.644294739,5.653085709,2.637985229,4.602867603,0.138021305,4.635311127,15.39782619,15.41003227,0.218027949,4.415448189,01/10/2014
2015Q1,99.08544159,146.6799927,97.86000061,285.269989,99.63999939,0.066889629,14.86699963,99.19000244,99.23000336,0.806451619,1.513404965,99.43299866,1.238000035,103.5999985,5063645,3913036,99.51667023,0.888312817,99.6279068,0.888312817,98.8836441,0.888312817,98.98564148,0.888312817,1.123823762,6.66488266,150.4828949,78.57389069,4.988253117,4.583538055,5.653436184,2.699143887,4.597037315,0.213497207,4.640537262,15.43759727,15.17982388,0.116736941,4.364039421,01/01/2015
2015Q2,100.2800064,144.8300018,83.73999786,282.2000122,99.44000244,0.065231569,15.45899963,99.62000275,100.25,0.81300813,1.532930017,100.0329971,1.230000019,96.90000153,5241726,4481557,100.4133301,0.904120088,100.1240311,0.904120088,100.6799622,0.904120088,100.7979736,0.904120088,1.103584647,6.486627579,153.3440704,79.91534424,4.975560665,4.427716732,5.642616272,2.738191366,4.601363182,0.207014188,4.573679447,15.47216129,15.31548119,0.098563649,4.380968094,01/04/2015
2015Q3,100.5434189,88.93000031,132.3800049,275.730011,99.79000092,0.060790274,16.5739994,101.2600021,100.3300018,0.763358772,1.549311042,100.1669998,1.312999964,98.91000366,6238718,4646426,100.1100006,0.899525344,100.1860428,0.899525344,100.0768814,0.899525344,99.8741684,0.899525344,1.117048621,6.066261292,155.1893158,80.62778473,4.487849712,4.885676384,5.619421959,2.807835102,4.617691517,0.272314578,4.594210148,15.64628506,15.35160923,0.11069005,4.389843464,01/07/2015
2015Q4,100.0911331,156.3200073,192.2700043,266.5299988,101.1299973,0.059630293,16.59799957,100.1600037,100.1900024,0.74626863,1.516878963,100.3330002,1.338999987,100.5800018,4155063,5333205,99.95666504,0.913848341,99.93798828,0.913848341,100.3595123,0.913848341,100.3422165,0.913848341,1.093640208,6.03041172,152.1935272,79.11196899,5.051905155,5.258900642,5.585486889,2.809282064,4.606769085,0.291923046,4.610953331,15.2398386,15.48946285,0.089511774,4.370864391,01/10/2015
2016Q1,100.1558228,199.5399933,211.4199982,273.2999878,102.3199997,0.055432372,17.65800095,100.4499969,100.3499985,0.729927003,1.430605054,100.1330032,1.366999984,101.9300003,4384316,4286039,99.47666931,0.907330692,99.53333282,0.907330692,99.42171478,0.907330692,98.33429718,0.907330692,1.112848759,5.671840191,143.251236,74.46153259,5.296014786,5.35384655,5.610569954,2.871188879,4.609660149,0.312618554,4.624286175,15.29354382,15.27087402,0.106923178,4.310282707,01/01/2016
2016Q2,101.3300018,438.269989,61.09000015,270.5299988,101.9800034,0.055432372,17.92499924,99.93000031,101.1500015,0.77519381,1.43444705,100.8000031,1.292000055,95.76999664,4675174,4553646,100.4066696,0.885569036,99.73332977,0.885569036,101.1344299,0.885569036,99.84456635,0.885569036,1.141044021,5.652993202,144.5922394,75.12261963,6.082835197,4.11234808,5.600382805,2.886196375,4.604469776,0.256191462,4.561949253,15.35777664,15.33143902,0.131943658,4.319121838,01/04/2016
2016Q3,101.6671066,300.5400085,220.75,269.230011,102.5699997,0.05359057,18.49600029,99.95999908,100.9100037,0.769230783,1.312435985,101.1999969,1.309999943,99.19999695,5995653,4737788,100.3899994,0.896160007,100.1666565,0.896160007,100.732048,0.896160007,99.69054413,0.896160007,1.13170433,5.496784687,132.818512,69.15765381,5.705580711,5.39703083,5.595566273,2.917554617,4.604770184,0.270027101,4.597137928,15.60654545,15.37108135,0.123724751,4.236388683,01/07/2016
2016Q4,101.8933868,660.75,178.8200073,268.4700012,104.4100037,0.050607286,19.2840004,100.7099991,100.8099976,0.74626863,1.24158895,101.8669968,1.353999972,103.3099976,4232356,5413112,100.4566727,0.928066313,100.0666733,0.928066313,101.1414032,0.928066313,101.3199005,0.928066313,1.089779258,5.283906937,126.4764862,65.88019562,6.493375778,5.18637991,5.592739105,2.959275723,4.612245083,0.303063154,4.637733936,15.25826931,15.50433445,0.085975163,4.187838078,01/10/2016
2017Q1,102.6990967,561.4000244,232.5,275.730011,107.4199982,0.049407113,19.35000038,100.6900024,101.3899994,0.75757575,1.239925027,102.3000031,1.337000012,106.1999969,4605719,3832893,100.703331,0.938476205,100.8666687,0.938476205,100.8309021,0.938476205,101.0318222,0.938476205,1.085006237,5.307312012,126.8442841,66.07579803,6.330433846,5.448890209,5.619421959,2.962692499,4.612046719,0.290428311,4.665324211,15.34280968,15.1591301,0.081585735,4.190802574,01/01/2017
2017Q2,103.2572937,427.6400146,206.4499969,276.9299927,108.1999969,0.053937431,17.69300079,100.1399994,102.0100021,0.74626863,1.279762983,103.4000015,1.355999947,102.4100037,4915761,4142821,101.296669,0.909275293,101.2333298,0.909275293,102.5960312,0.909275293,101.8395233,0.909275293,1.116163135,5.836030006,132.3274384,69.0817337,6.058281898,5.330058098,5.623764515,2.873169184,4.60656929,0.304539144,4.628984451,15.40795708,15.23688793,0.109897032,4.235290527,01/04/2017
2017Q3,103.6668167,865.210022,356.8299866,268.7999878,109.2200012,0.056211356,16.88500023,99.29000092,102.0400009,0.800000012,1.308917046,103.9329987,1.269999981,103.8300018,6310808,4565070,101.2633438,0.851432979,101.3000031,0.851432979,101.8831482,0.851432979,101.3388672,0.851432979,1.200198174,6.139404297,136.0401611,71.08978271,6.762972355,5.877259254,5.593967438,2.826425552,4.598044872,0.239016891,4.642755032,15.65777397,15.33394432,0.182486683,4.263943672,01/07/2017
2017Q4,104.0510483,249.5,110.9199982,273.1700134,111.3000031,0.052854124,17.68799973,100.6600037,102.4100037,0.787401557,1.327308059,104.6999969,1.289999962,107.0199966,4660926,5247224,101.6033325,0.849244237,101,0.849244237,102.6272125,0.849244237,102.78759,0.849244237,1.201142073,5.882664204,138.969162,72.42591858,5.519458771,4.708809376,5.610094547,2.872886419,4.611748695,0.254642189,4.673015594,15.35472488,15.47320938,0.183272839,4.282564163,01/10/2017
2018Q1,104.9730606,405.6600037,145.8899994,273.5700073,113.1200027,0.053475935,17.35300064,101.0100021,103.0800018,0.793650806,1.391968012,104.8330002,1.282999992,110.5500031,5071181,4315515,102.0733337,0.813750684,101.5999985,0.813750684,101.6028366,0.813750684,101.9955292,0.813750684,1.266958117,6.049197674,145.9246216,75.98690796,6.005515575,4.982852936,5.611557484,2.853765488,4.615219593,0.249201074,4.705467701,15.43908405,15.27772713,0.236618847,4.330561161,01/01/2018
2018Q2,106.0575104,243.8500061,168.5,282.3699951,113.1399994,0.051706307,18.12899971,101.3300018,103.6900024,0.77519381,1.361214042,105.7669983,1.319000006,106.5100021,5322834,4566281,103.2166672,0.839484394,102.1666565,0.839484394,103.6058197,0.839484394,103.674118,0.839484394,1.224596381,5.850051403,143.9710693,74.91056061,5.496553421,5.126935959,5.64321804,2.897512913,4.618382454,0.276873887,4.668239117,15.4875164,15.33420944,0.202611312,4.31629467,01/04/2018
2018Q3,106.4046021,232.9400024,175.3600006,278.9299927,114.5899963,0.052910052,17.54999924,100.7799988,104.0899963,0.763358772,1.302957058,106.3330002,1.338999987,109.4599991,6364208,4518463,103.5400009,0.859573245,102.8000031,0.859573245,103.3062668,0.859573245,103.6006012,0.859573245,1.198196173,6.062963009,138.5477753,72.30536652,5.450780869,5.16684103,5.630960941,2.865053892,4.612939835,0.291923046,4.695559025,15.66620064,15.32368279,0.180817232,4.280898571,01/07/2018
2018Q4,106.3434296,337.8900146,179.0500031,290.6000061,116.6600037,0.05058169,18.02199936,99.37000275,103.8799973,0.75757575,1.287011981,106.9000015,1.350999951,111.5500031,4716929,4987146,103.5299988,0.876489639,102.4333267,0.876489639,103.4761124,0.876489639,104.5450211,0.876489639,1.172302842,5.900859833,137.581543,71.74120331,5.822720528,5.187664986,5.671947956,2.891593218,4.59885025,0.300845027,4.714472771,15.3666687,15.42237473,0.158970058,4.27306509,01/10/2018
2019Q1,106.6997986,379.3200073,179.0700073,288.7000122,117.7600021,0.052192066,17.36000061,100.1399994,104.6999969,0.751879692,1.303061008,106.7330017,1.355000019,111.4300003,4796163,3863106,103.3199997,0.880772054,102.5666733,0.880772054,102.3687973,0.880772054,103.1541672,0.880772054,1.177838087,6.146137714,139.0800476,72.61309052,5.938380241,5.187777042,5.665388107,2.854168653,4.60656929,0.303801477,4.713396549,15.38332653,15.1669817,0.163680628,4.285145283,01/01/2019
2019Q2,107.9786072,498.5,160.7200012,294.8999939,117.9100037,0.052410901,17.47299957,99.25,105.9899979,0.74626863,1.285855055,107.8000031,1.36500001,108.8000031,5070977,4347835,104.3766632,0.889747083,103.0333328,0.889747083,104.1508484,0.889747083,104.6255264,0.889747083,1.16638875,6.179769516,138.6151428,72.39745331,6.211603642,5.079663754,5.686636448,2.860656738,4.597641945,0.311154425,4.689511299,15.439044,15.28518867,0.15391244,4.282171249,01/04/2019
2019Q3,108.2746506,255.0099945,199.6000061,290.6000061,118.3799973,0.051546391,17.74399948,98.84999847,106.6500015,0.75757575,1.232856035,108.2330017,1.340000033,107.5599976,6227578,4760247,104.5800018,0.899665713,103.1666565,0.899665713,103.1297836,0.899665713,103.9242783,0.899665713,1.160556078,6.102061749,133.436142,69.769104,5.541302681,5.296315193,5.671947956,2.876047373,4.593603611,0.292669624,4.678048611,15.64449787,15.37580967,0.148899272,4.245191097,01/07/2019
2019Q4,108.5052872,191.9100037,119.3600006,296.2999878,120.0899963,0.052029137,17.36599922,97.48000336,106.7900009,0.75757575,1.287961006,108.4329987,1.340999961,110.0699997,4628604,5168411,104.6533432,0.903208673,102.7333298,0.903208673,103.7348633,0.903208673,105.0060806,0.903208673,1.154772162,6.248178959,139.6579285,72.95305634,5.257026672,4.78214407,5.691372395,2.854514122,4.579647064,0.293415576,4.701116562,15.34776592,15.45807552,0.143903062,4.28981638,01/10/2019